1,10, //Line: 286 | Token:  | Op: eAODs,
0,2169.000000,Alive,
1,2439.000000,Alive,
2,2790.000000,Alive,
3,2928.000000,Alive,
4,350.000000,Alive,
5,386.000000,Alive,
6,364.000000,Alive,
7,404.000000,Alive,
8,49.000000,Alive,
9,55.000000,Alive,

